customerid,label
12346,1
12347,1
12348,1
12349,1
12350,0
12351,0
12352,1
12353,0
12354,1
12355,0
12356,0
12357,0
12358,0
12359,1
12360,1
12361,0
12362,1
12363,1
12364,0
12365,0
12366,0
12367,0
12368,0
12369,1
12370,1
12371,1
12372,1
12373,0
12374,1
12375,1
12376,1
12377,0
12378,1
12379,1
12380,0
12381,1
12383,0
12384,1
12385,0
12386,0
12387,1
12388,1
12389,0
12390,1
12391,1
12392,0
12393,1
12394,1
12395,1
12396,0
12397,1
12398,1
12399,1
12400,0
12401,0
12402,1
12403,0
12404,0
12405,1
12406,1
12407,1
12408,1
12409,1
12410,0
12411,0
12412,1
12413,1
12414,0
12415,1
12416,0
12417,1
12418,1
12419,0
12420,0
12421,1
12422,1
12423,1
12424,1
12425,1
12426,1
12427,1
12428,1
12429,1
12430,1
12431,1
12432,0
12433,1
12434,1
12435,1
12436,1
12437,1
12438,1
12439,0
12440,0
12441,1
12442,0
12443,0
12444,1
12445,1
12446,1
12447,0
12448,1
12449,1
12450,1
12451,1
12452,1
12453,1
12454,0
12455,1
12456,1
12457,1
12458,1
12459,0
12460,0
12461,0
12462,1
12463,1
12464,1
12465,1
12466,0
12467,1
12468,1
12469,0
12470,0
12471,1
12472,1
12473,0
12474,1
12475,1
12476,1
12477,0
12478,1
12479,1
12480,1
12481,1
12482,0
12483,1
12484,1
12485,0
12486,0
12487,0
12488,1
12489,0
12490,1
12491,1
12492,1
12493,1
12494,1
12495,0
12496,0
12497,0
12498,0
12499,0
12500,1
12501,1
12502,1
12503,0
12504,0
12505,1
12506,0
12507,1
12508,0
12509,0
12510,0
12511,0
12512,0
12513,1
12514,0
12515,1
12516,1
12517,1
12518,1
12519,1
12520,1
12521,1
12522,1
12523,1
12524,1
12525,0
12526,1
12527,1
12528,0
12529,0
12530,1
12531,1
12532,1
12533,0
12534,0
12535,1
12536,1
12537,0
12538,1
12539,1
12540,1
12541,1
12542,1
12543,0
12544,1
12545,0
12546,1
12547,0
12548,0
12549,0
12550,1
12551,0
12552,0
12553,1
12554,0
12555,0
12556,1
12557,0
12558,1
12559,1
12560,1
12561,0
12562,1
12563,0
12564,1
12565,1
12566,1
12567,1
12568,0
12569,1
12570,0
12571,0
12572,1
12573,0
12574,1
12575,0
12576,1
12577,1
12578,1
12579,1
12580,1
12581,1
12582,1
12583,1
12584,1
12585,1
12586,1
12587,1
12588,1
12589,1
12590,1
12591,0
12592,1
12593,1
12594,1
12595,0
12596,1
12597,1
12598,1
12599,1
12600,1
12601,1
12602,1
12603,0
12604,1
12605,0
12606,0
12607,0
12608,0
12609,1
12610,1
12611,1
12612,0
12613,1
12614,0
12615,1
12616,1
12617,1
12618,1
12619,1
12620,1
12621,1
12622,1
12623,0
12624,1
12625,1
12626,1
12627,1
12628,1
12629,0
12630,1
12631,1
12632,0
12633,1
12634,0
12635,1
12636,0
12637,1
12638,1
12639,1
12640,1
12641,0
12642,1
12643,0
12644,1
12645,1
12646,0
12647,1
12648,1
12649,1
12650,0
12651,0
12652,0
12653,1
12654,1
12655,0
12656,1
12657,1
12658,1
12659,1
12660,1
12661,0
12662,1
12663,0
12664,0
12665,0
12666,0
12667,0
12668,1
12669,1
12670,1
12671,0
12672,0
12673,1
12674,1
12675,0
12676,1
12677,0
12678,1
12679,0
12680,1
12681,1
12682,1
12683,1
12684,1
12685,1
12686,1
12687,0
12688,1
12689,1
12690,1
12691,1
12692,0
12693,1
12694,1
12695,0
12696,0
12697,1
12698,0
12699,1
12700,1
12701,1
12702,1
12703,1
12704,1
12705,1
12707,0
12708,1
12709,1
12710,1
12711,0
12712,1
12713,1
12714,1
12715,1
12716,1
12717,1
12718,1
12719,1
12720,1
12721,1
12722,1
12723,1
12724,1
12725,1
12726,1
12727,1
12728,1
12729,1
12730,0
12731,1
12732,1
12733,0
12734,0
12735,0
12736,0
12737,0
12738,1
12739,1
12740,0
12741,0
12742,0
12743,1
12744,1
12745,0
12746,0
12747,1
12748,0
12749,1
12750,1
12751,0
12752,0
12753,1
12754,0
12755,0
12756,0
12757,1
12758,1
12759,1
12760,0
12761,0
12762,1
12763,0
12764,0
12765,1
12766,1
12767,0
12768,0
12769,0
12770,0
12771,0
12772,0
12773,0
12774,0
12775,1
12776,0
12777,0
12778,1
12779,0
12780,0
12781,1
12782,1
12783,1
12784,1
12785,0
12786,0
12787,1
12788,0
12789,0
12790,1
12791,1
12792,1
12793,0
12794,0
12795,1
12796,0
12797,0
12798,1
12799,0
12800,0
12801,0
12802,1
12803,1
12804,0
12805,0
12806,0
12807,1
12808,1
12809,1
12810,0
12811,1
12812,1
12813,1
12814,1
12815,1
12816,1
12817,0
12818,1
12819,0
12820,1
12821,1
12822,1
12823,0
12824,1
12825,0
12826,1
12827,1
12828,1
12829,0
12830,1
12831,0
12832,1
12833,1
12834,0
12835,0
12836,1
12837,1
12838,1
12839,1
12840,0
12841,1
12842,1
12843,0
12844,1
12845,0
12846,0
12847,1
12848,0
12849,1
12850,0
12851,1
12852,0
12853,1
12854,0
12855,1
12856,1
12857,0
12858,0
12859,0
12860,0
12861,0
12862,1
12863,0
12864,0
12865,1
12866,0
12867,1
12868,1
12869,0
12870,1
12871,0
12872,0
12873,1
12874,1
12875,0
12876,1
12877,1
12878,1
12879,1
12880,0
12881,0
12882,0
12883,1
12884,0
12885,1
12886,1
12887,0
12888,0
12889,1
12890,1
12891,0
12892,0
12893,1
12894,0
12895,1
12897,0
12898,0
12899,0
12900,1
12901,1
12902,1
12903,1
12904,1
12905,0
12906,1
12907,0
12908,0
12909,1
12910,1
12911,0
12912,1
12913,1
12914,0
12915,1
12916,1
12917,0
12918,0
12919,1
12920,1
12921,1
12922,0
12923,1
12924,1
12925,1
12926,0
12927,0
12928,1
12929,0
12930,1
12931,1
12932,0
12933,1
12934,0
12935,1
12936,1
12937,1
12938,1
12939,0
12940,0
12941,0
12942,1
12943,0
12944,1
12945,0
12946,0
12947,1
12948,1
12949,1
12950,1
12951,1
12952,1
12953,0
12954,0
12955,1
12956,0
12957,1
12958,0
12959,0
12960,0
12961,0
12962,1
12963,0
12964,0
12965,0
12966,1
12967,0
12968,0
12969,0
12970,1
12971,0
12972,0
12973,0
12974,0
12975,0
12976,1
12977,0
12978,0
12979,0
12980,0
12981,1
12982,1
12983,0
12984,1
12985,1
12986,0
12987,1
12988,0
12989,1
12990,0
12991,1
12992,0
12993,1
12994,1
12995,1
12996,1
12997,1
12998,0
12999,0
13000,0
13001,0
13002,0
13003,0
13004,1
13005,0
13006,1
13007,0
13008,0
13009,0
13010,0
13011,0
13012,1
13013,1
13014,0
13015,1
13016,1
13017,0
13018,1
13019,1
13020,0
13021,1
13022,0
13023,0
13024,0
13025,0
13026,1
13027,0
13028,1
13029,1
13030,1
13031,0
13032,1
13033,0
13034,1
13035,0
13036,0
13037,1
13038,1
13039,0
13040,1
13041,0
13042,0
13043,0
13044,0
13045,1
13046,1
13047,1
13048,1
13049,1
13050,1
13051,0
13052,0
13053,0
13055,1
13056,0
13057,0
13058,1
13059,0
13060,0
13061,1
13062,0
13063,0
13064,1
13065,0
13066,1
13067,1
13068,0
13069,1
13070,0
13071,0
13072,0
13073,0
13074,0
13075,1
13076,0
13077,1
13078,1
13079,0
13080,0
13081,1
13082,1
13083,1
13084,0
13085,1
13086,0
13087,0
13088,1
13089,1
13090,1
13091,1
13092,0
13093,0
13094,1
13095,1
13096,0
13097,1
13098,1
13099,0
13101,0
13102,1
13103,1
13104,1
13105,0
13106,0
13107,1
13108,0
13109,1
13110,1
13111,0
13112,0
13113,0
13114,0
13115,1
13116,0
13117,1
13118,0
13119,0
13120,0
13121,0
13122,0
13123,0
13124,1
13125,0
13126,1
13127,1
13128,0
13129,0
13130,0
13131,1
13132,0
13133,0
13134,1
13135,0
13136,1
13137,1
13138,1
13139,1
13140,1
13141,1
13142,1
13143,0
13144,0
13145,0
13146,1
13147,0
13148,1
13149,1
13150,0
13151,0
13152,0
13153,0
13154,0
13155,1
13156,0
13157,1
13158,1
13159,1
13160,1
13161,0
13162,1
13163,0
13164,0
13165,1
13166,0
13167,1
13168,1
13169,1
13170,0
13171,1
13172,0
13173,0
13174,1
13175,0
13176,1
13177,1
13178,1
13179,0
13180,0
13181,0
13182,1
13183,0
13184,1
13185,0
13186,1
13187,0
13188,0
13189,1
13190,0
13191,0
13192,1
13193,1
13194,0
13195,0
13196,1
13197,0
13198,1
13199,1
13200,1
13201,0
13202,1
13203,1
13204,0
13205,0
13206,0
13207,0
13208,1
13209,1
13210,0
13211,0
13212,1
13213,1
13214,1
13215,0
13216,0
13217,1
13218,0
13219,0
13220,1
13221,1
13222,0
13223,0
13224,1
13225,0
13226,0
13227,0
13228,0
13229,0
13230,1
13232,1
13233,1
13234,0
13235,1
13236,1
13237,0
13238,1
13239,0
13240,1
13241,0
13242,1
13243,0
13244,1
13245,1
13246,1
13247,1
13248,1
13249,0
13250,0
13251,0
13252,0
13253,1
13254,0
13255,1
13257,1
13258,1
13259,1
13260,1
13261,0
13262,0
13263,1
13264,0
13265,1
13266,1
13267,1
13268,1
13269,1
13270,0
13271,1
13272,1
13273,1
13274,0
13275,0
13276,1
13277,1
13278,1
13279,0
13280,0
13281,0
13282,1
13283,1
13284,0
13285,1
13286,0
13287,0
13288,0
13289,0
13290,0
13291,1
13292,1
13293,0
13294,1
13295,0
13296,1
13297,1
13298,0
13299,0
13300,1
13301,1
13302,0
13303,0
13304,0
13305,1
13306,1
13307,1
13308,1
13309,1
13310,1
13311,1
13312,0
13313,1
13314,1
13315,0
13316,1
13317,1
13318,1
13319,1
13320,1
13321,0
13322,0
13323,1
13324,1
13325,1
13326,0
13327,1
13328,1
13329,1
13330,1
13331,0
13332,1
13333,0
13334,1
13336,1
13337,0
13338,0
13339,0
13340,1
13341,0
13343,1
13344,1
13345,1
13346,0
13347,1
13348,1
13349,1
13350,1
13351,1
13352,1
13354,1
13355,1
13356,1
13357,1
13358,0
13359,1
13360,1
13361,0
13362,1
13363,1
13364,1
13365,1
13366,0
13367,0
13368,1
13369,0
13370,1
13371,0
13372,1
13373,1
13374,1
13375,1
13376,1
13377,0
13379,1
13380,0
13381,1
13382,0
13383,0
13384,1
13385,0
13386,0
13387,0
13388,1
13389,1
13390,1
13391,0
13392,0
13393,0
13394,1
13395,1
13396,1
13397,1
13398,0
13399,0
13400,0
13402,0
13403,0
13404,1
13405,1
13406,0
13407,0
13408,1
13410,1
13411,0
13412,0
13413,0
13414,1
13415,0
13416,1
13417,1
13418,1
13419,1
13420,0
13421,1
13422,1
13423,0
13424,0
13425,1
13426,1
13427,1
13428,1
13429,1
13430,1
13431,1
13432,0
13433,0
13434,0
13435,1
13436,1
13437,1
13438,0
13439,0
13440,0
13441,1
13442,0
13443,1
13444,1
13445,0
13446,0
13447,1
13448,1
13449,1
13450,1
13451,1
13452,0
13453,0
13454,0
13455,0
13456,1
13457,0
13458,1
13459,0
13460,1
13461,1
13462,0
13464,1
13465,0
13466,0
13467,1
13468,1
13469,0
13470,0
13471,0
13472,0
13473,1
13474,0
13475,0
13476,0
13477,1
13478,0
13479,0
13480,0
13481,1
13482,0
13483,0
13484,0
13485,1
13486,1
13487,1
13488,1
13489,1
13490,0
13491,1
13492,0
13493,0
13494,0
13495,1
13496,0
13497,0
13498,0
13499,1
13500,1
13501,0
13502,1
13503,1
13504,0
13505,1
13506,0
13507,1
13508,0
13509,0
13510,1
13511,0
13512,0
13513,1
13514,1
13515,1
13516,1
13517,1
13518,1
13519,1
13520,1
13521,1
13522,1
13523,1
13524,0
13525,1
13526,0
13527,1
13529,1
13530,0
13531,0
13532,0
13533,0
13534,1
13535,0
13536,1
13537,0
13538,1
13539,1
13540,0
13541,0
13542,0
13543,0
13544,1
13545,0
13546,1
13547,0
13548,1
13549,0
13550,0
13551,0
13552,1
13553,0
13554,1
13555,1
13556,0
13557,1
13558,1
13559,0
13560,1
13561,0
13562,1
13563,1
13564,0
13565,1
13566,1
13567,0
13568,0
13569,1
13570,0
13571,1
13572,1
13573,1
13574,0
13575,1
13576,1
13577,1
13578,0
13579,1
13580,0
13581,0
13582,0
13583,1
13584,0
13585,0
13586,0
13587,1
13588,1
13589,1
13590,1
13591,1
13592,0
13593,1
13594,1
13595,0
13596,1
13597,0
13598,1
13599,1
13600,0
13601,1
13602,1
13603,1
13604,0
13605,0
13606,1
13607,1
13608,0
13609,0
13610,1
13611,1
13612,0
13613,0
13614,1
13615,0
13616,0
13617,1
13618,0
13619,0
13620,0
13621,1
13622,0
13623,1
13624,0
13625,0
13626,0
13627,1
13628,0
13629,1
13630,1
13631,1
13632,1
13634,1
13635,1
13636,1
13637,1
13638,1
13639,1
13640,0
13641,0
13642,0
13643,1
13644,1
13645,1
13646,0
13647,1
13648,0
13649,0
13650,1
13651,1
13652,1
13653,0
13654,1
13655,1
13656,1
13657,1
13658,1
13659,0
13660,0
13661,0
13662,1
13663,0
13665,0
13666,1
13667,1
13668,0
13669,0
13670,1
13671,0
13672,0
13673,1
13674,0
13675,0
13676,0
13677,0
13678,0
13679,0
13680,1
13681,1
13682,0
13683,1
13684,0
13685,0
13686,1
13687,0
13688,0
13689,1
13690,1
13691,1
13692,1
13693,0
13694,1
13695,1
13696,0
13697,0
13698,0
13699,0
13700,1
13701,0
13702,0
13703,0
13704,1
13705,1
13706,0
13707,0
13708,0
13709,1
13710,1
13711,0
13712,1
13713,0
13714,0
13715,0
13716,1
13717,1
13718,0
13719,1
13720,1
13721,1
13722,1
13723,0
13724,0
13725,0
13726,0
13727,1
13728,1
13729,0
13730,1
13731,0
13732,1
13733,0
13734,0
13735,1
13736,1
13737,0
13738,1
13739,1
13740,1
13741,1
13742,1
13743,1
13744,0
13745,1
13746,0
13747,0
13748,1
13750,1
13751,0
13752,0
13753,0
13754,1
13755,1
13756,1
13757,0
13758,1
13759,1
13760,1
13761,1
13762,0
13763,1
13764,1
13765,0
13766,0
13767,1
13768,0
13769,1
13770,1
13771,1
13772,1
13773,0
13774,1
13775,0
13776,0
13777,0
13778,0
13779,0
13780,1
13781,0
13782,1
13783,0
13784,0
13785,0
13786,0
13787,1
13788,0
13789,0
13790,1
13791,0
13792,1
13793,0
13794,0
13795,0
13796,0
13797,1
13798,1
13799,0
13800,0
13801,0
13802,0
13803,0
13804,1
13805,1
13806,1
13807,0
13808,1
13809,0
13810,1
13811,0
13812,1
13813,1
13814,1
13815,0
13816,1
13817,1
13818,0
13819,0
13820,0
13821,0
13822,1
13823,0
13824,0
13825,0
13826,0
13827,1
13828,1
13829,0
13830,0
13831,0
13832,1
13833,1
13834,0
13835,1
13836,0
13837,0
13838,1
13839,0
13840,0
13841,0
13842,1
13843,0
13844,1
13845,1
13846,1
13847,0
13848,0
13849,1
13850,1
13851,1
13852,0
13853,1
13854,1
13855,0
13856,0
13857,0
13858,1
13859,0
13860,1
13861,0
13862,1
13863,1
13864,0
13865,0
13866,1
13867,1
13868,1
13869,0
13870,1
13871,1
13872,0
13873,1
13874,0
13875,1
13876,1
13877,0
13878,1
13879,0
13880,1
13881,1
13882,1
13883,0
13884,1
13885,0
13886,1
13887,1
13888,1
13889,1
13890,1
13891,0
13892,1
13893,0
13894,1
13895,1
13896,0
13897,1
13898,0
13899,1
13900,1
13901,0
13902,0
13903,0
13904,1
13905,0
13906,0
13907,0
13908,1
13909,0
13911,0
13912,0
13913,0
13914,1
13915,0
13916,1
13917,1
13918,1
13919,1
13920,0
13921,0
13922,0
13923,0
13924,1
13925,1
13926,1
13927,1
13928,1
13929,0
13930,1
13931,1
13932,1
13933,1
13934,1
13935,0
13936,1
13937,0
13938,1
13939,1
13940,1
13941,1
13942,0
13943,0
13944,0
13945,1
13946,1
13947,1
13948,0
13949,1
13950,1
13951,0
13952,0
13953,0
13954,1
13955,1
13956,1
13957,0
13958,0
13959,0
13960,1
13961,0
13962,0
13963,0
13964,0
13965,0
13966,1
13967,1
13968,1
13969,1
13970,1
13971,1
13972,1
13973,0
13974,1
13975,1
13976,1
13977,0
13978,0
13979,1
13980,1
13981,0
13982,1
13983,1
13984,1
13985,1
13986,1
13987,0
13988,1
13989,0
13990,1
13991,1
13992,0
13993,0
13994,1
13995,1
13996,0
13997,0
13998,1
13999,1
14000,0
14001,1
14002,1
14003,0
14004,1
14005,1
14006,1
14007,0
14008,0
14009,1
14010,0
14011,1
14012,0
14013,1
14014,1
14015,1
14016,1
14017,0
14018,0
14019,1
14020,1
14021,1
14022,0
14023,1
14024,1
14025,0
14026,0
14027,0
14028,0
14029,1
14030,1
14031,1
14032,1
14033,0
14034,1
14035,1
14036,0
14037,0
14038,1
14039,1
14040,1
14041,1
14042,0
14043,0
14044,1
14045,0
14046,0
14047,1
14048,0
14049,1
14050,0
14051,1
14052,1
14053,0
14054,1
14055,0
14056,0
14057,1
14058,0
14059,0
14060,1
14061,0
14062,1
14063,0
14064,1
14065,0
14066,1
14067,1
14068,0
14069,0
14070,0
14071,1
14072,0
14073,1
14074,0
14075,1
14076,1
14077,1
14078,1
14079,0
14080,0
14081,0
14082,0
14083,1
14084,0
14085,0
14086,0
14087,1
14088,1
14089,0
14090,0
14091,0
14092,1
14093,1
14094,0
14095,0
14096,0
14097,0
14098,1
14099,1
14100,0
14101,0
14102,1
14104,1
14105,1
14106,0
14107,1
14108,1
14109,0
14110,1
14111,1
14112,1
14113,1
14114,1
14115,0
14116,1
14117,0
14118,0
14119,0
14121,1
14122,0
14123,0
14124,0
14125,1
14126,0
14127,1
14128,1
14129,1
14130,0
14131,0
14132,1
14133,1
14134,0
14135,1
14136,0
14137,0
14138,1
14139,1
14140,1
14141,1
14142,1
14143,1
14144,0
14145,0
14146,1
14147,1
14148,0
14149,0
14150,1
14151,0
14152,1
14153,0
14154,1
14155,0
14156,1
14157,1
14158,0
14159,1
14160,0
14161,1
14162,0
14163,1
14164,1
14165,0
14166,0
14167,1
14168,0
14169,0
14170,0
14171,1
14172,0
14173,1
14174,1
14175,1
14176,0
14177,1
14178,1
14179,1
14180,0
14181,0
14182,0
14183,0
14184,1
14185,0
14186,0
14187,0
14188,1
14189,1
14190,0
14191,1
14192,0
14193,0
14194,1
14195,0
14196,1
14197,0
14198,1
14199,0
14200,0
14201,1
14202,1
14203,0
14204,1
14205,1
14206,0
14207,0
14208,1
14209,0
14210,0
14211,1
14212,0
14213,1
14214,1
14215,1
14216,1
14217,1
14218,1
14219,1
14220,0
14221,1
14222,0
14223,1
14224,1
14225,0
14226,1
14227,1
14228,0
14229,0
14230,0
14231,0
14232,1
14233,1
14234,1
14235,1
14236,0
14237,0
14238,0
14239,1
14240,1
14241,0
14242,0
14243,0
14244,0
14245,1
14246,1
14247,0
14248,0
14249,0
14250,1
14251,1
14252,0
14253,0
14254,0
14255,0
14256,0
14257,1
14258,0
14259,0
14260,0
14261,1
14262,1
14263,0
14264,1
14265,1
14266,0
14267,0
14268,0
14269,0
14270,0
14271,0
14272,1
14273,0
14274,0
14275,0
14276,1
14277,1
14278,0
14279,0
14280,0
14281,0
14282,1
14283,0
14284,1
14285,1
14286,1
14287,1
14288,1
14289,0
14290,1
14291,1
14292,1
14293,1
14294,1
14295,1
14296,0
14297,1
14298,1
14299,1
14300,1
14301,0
14302,0
14303,0
14304,0
14305,1
14306,1
14307,1
14308,0
14309,1
14310,0
14311,0
14312,1
14314,0
14315,0
14316,0
14317,1
14318,0
14319,0
14320,0
14321,1
14322,0
14323,1
14324,1
14325,0
14326,0
14327,1
14328,0
14329,1
14330,0
14331,1
14332,1
14333,1
14334,1
14335,1
14336,1
14338,1
14339,1
14340,0
14341,1
14342,1
14343,1
14344,1
14345,0
14346,1
14347,0
14348,0
14349,1
14350,0
14351,0
14352,1
14353,1
14354,1
14355,1
14356,1
14357,1
14358,1
14359,1
14360,1
14361,0
14362,1
14363,0
14364,1
14365,0
14366,0
14367,1
14368,0
14369,0
14370,0
14371,0
14372,0
14373,0
14374,0
14375,1
14376,0
14377,0
14378,0
14379,1
14380,0
14381,1
14382,1
14383,0
14384,0
14385,1
14386,0
14387,1
14388,1
14389,1
14390,1
14391,0
14392,1
14393,0
14394,0
14395,1
14396,1
14397,1
14398,0
14399,0
14400,0
14401,1
14402,0
14403,0
14404,1
14405,0
14406,1
14407,1
14408,1
14409,1
14410,1
14411,1
14412,1
14413,0
14414,1
14415,1
14416,1
14417,0
14418,1
14419,1
14420,1
14421,1
14422,1
14423,0
14424,1
14425,0
14426,1
14427,1
14428,1
14429,1
14430,0
14431,0
14432,1
14433,0
14434,1
14435,0
14436,0
14437,1
14438,0
14439,0
14440,0
14441,1
14442,0
14443,1
14444,0
14445,0
14446,1
14447,1
14448,0
14449,1
14450,1
14451,1
14452,1
14453,1
14454,1
14455,0
14456,1
14457,0
14458,0
14459,0
14460,1
14461,1
14462,1
14463,0
14464,0
14465,0
14466,1
14467,1
14468,0
14469,0
14470,1
14471,0
14472,0
14473,1
14474,1
14475,1
14476,0
14477,1
14478,1
14479,1
14480,1
14481,1
14482,1
14483,1
14484,1
14485,1
14486,0
14487,1
14488,1
14489,1
14490,0
14491,1
14492,0
14493,1
14494,1
14495,1
14496,0
14497,0
14498,1
14499,1
14500,0
14501,0
14502,1
14503,1
14504,1
14505,1
14506,1
14507,1
14508,1
14509,0
14510,1
14511,1
14512,0
14513,0
14514,1
14515,1
14516,0
14517,0
14518,1
14519,0
14520,0
14521,0
14522,1
14523,1
14524,1
14525,1
14526,0
14527,1
14528,1
14529,1
14530,1
14531,0
14532,0
14533,1
14534,1
14535,1
14536,0
14537,0
14538,1
14539,1
14540,1
14541,0
14542,0
14543,0
14544,1
14545,0
14546,1
14547,1
14548,0
14549,0
14550,1
14551,1
14552,0
14553,1
14554,1
14555,0
14556,0
14557,1
14558,0
14559,1
14560,0
14561,1
14562,1
14563,0
14564,0
14565,1
14566,0
14567,0
14568,0
14569,1
14570,1
14571,0
14572,1
14573,0
14574,0
14575,0
14576,0
14577,1
14578,1
14579,1
14580,0
14581,1
14582,0
14583,1
14584,1
14585,1
14586,0
14587,0
14588,0
14589,0
14590,0
14591,1
14592,1
14593,1
14594,1
14595,1
14596,0
14597,1
14598,1
14599,0
14600,0
14601,0
14602,0
14603,0
14604,0
14605,0
14606,0
14607,1
14608,1
14609,0
14610,1
14611,0
14612,0
14613,0
14614,0
14615,0
14616,0
14617,0
14618,1
14619,1
14620,0
14621,1
14622,0
14623,1
14624,1
14625,0
14626,1
14627,0
14628,0
14629,1
14630,0
14631,1
14632,0
14633,0
14634,1
14635,0
14636,1
14637,0
14638,1
14639,1
14640,1
14641,1
14642,0
14643,1
14644,1
14645,1
14646,1
14647,0
14648,0
14649,1
14650,0
14651,1
14652,1
14653,1
14654,0
14655,1
14656,0
14657,1
14658,1
14659,1
14660,1
14661,0
14662,1
14663,0
14664,1
14665,1
14666,1
14667,1
14668,0
14669,0
14670,0
14671,0
14672,0
14673,1
14674,0
14675,1
14676,1
14677,0
14678,0
14679,0
14680,0
14681,0
14682,0
14683,0
14684,1
14685,0
14686,1
14687,0
14688,1
14689,1
14690,1
14691,1
14692,1
14693,0
14694,0
14695,0
14696,1
14697,0
14698,1
14699,0
14700,1
14701,1
14702,1
14703,1
14704,1
14705,0
14706,0
14707,0
14708,1
14709,1
14710,1
14711,1
14712,1
14713,1
14714,0
14715,1
14716,1
14717,0
14718,1
14719,1
14720,1
14721,1
14722,0
14723,0
14724,0
14725,1
14726,0
14727,0
14728,0
14729,0
14730,1
14731,1
14732,1
14733,0
14734,0
14735,1
14736,0
14737,0
14738,1
14739,1
14740,0
14741,1
14742,0
14743,0
14744,0
14745,0
14746,0
14747,0
14748,1
14749,0
14750,0
14751,0
14752,1
14753,1
14754,1
14755,1
14756,1
14757,1
14758,1
14759,1
14760,0
14761,1
14762,0
14764,0
14765,1
14766,1
14767,0
14768,0
14769,1
14770,0
14771,0
14772,1
14773,0
14774,0
14775,1
14776,1
14777,0
14778,1
14779,0
14780,1
14782,0
14783,0
14784,1
14785,1
14786,0
14787,0
14788,1
14789,0
14790,0
14791,0
14792,0
14793,1
14794,1
14795,1
14796,0
14797,0
14798,1
14799,1
14800,1
14801,1
14802,0
14803,0
14804,0
14805,1
14806,1
14807,0
14808,1
14809,0
14810,1
14811,0
14812,0
14813,0
14814,0
14815,1
14816,0
14817,1
14818,0
14819,1
14820,1
14821,1
14822,0
14823,0
14824,1
14825,1
14826,0
14828,0
14829,1
14830,1
14831,0
14832,0
14833,0
14834,1
14835,0
14836,1
14837,1
14838,0
14839,0
14840,0
14841,1
14842,1
14843,0
14844,1
14845,0
14846,0
14847,1
14848,0
14849,1
14850,0
14851,1
14852,1
14853,1
14854,1
14855,0
14856,1
14857,1
14858,0
14859,1
14860,1
14861,1
14862,1
14863,1
14865,0
14866,1
14867,0
14868,1
14869,1
14870,0
14871,1
14872,0
14873,1
14874,0
14875,1
14876,0
14877,0
14878,1
14879,0
14880,1
14881,1
14882,1
14883,1
14884,0
14885,1
14886,0
14887,0
14888,1
14889,0
14890,0
14891,0
14892,0
14893,1
14894,1
14895,1
14896,0
14897,1
14898,1
14899,0
14900,0
14901,1
14902,1
14903,1
14904,1
14905,0
14906,0
14907,1
14908,1
14909,1
14910,1
14911,1
14912,1
14913,1
14915,1
14916,1
14917,0
14918,0
14919,0
14920,1
14921,1
14922,0
14923,1
14924,0
14926,0
14927,0
14928,0
14929,1
14930,1
14931,1
14932,0
14933,0
14934,1
14935,1
14936,1
14937,1
14938,0
14940,1
14941,0
14942,0
14943,0
14944,1
14945,1
14946,0
14947,1
14948,0
14949,0
14950,1
14951,1
14952,1
14953,1
14954,1
14955,0
14956,0
14957,1
14958,1
14959,0
14960,1
14961,1
14962,0
14963,1
14964,0
14965,1
14966,1
14967,1
14968,1
14969,0
14970,1
14971,1
14972,0
14973,1
14974,1
14975,1
14976,1
14977,0
14978,1
14979,0
14980,0
14981,1
14982,0
14983,0
14984,0
14985,0
14986,0
14987,0
14988,1
14989,0
14990,0
14991,0
14992,0
14993,0
14994,0
14995,1
14996,0
14997,1
14998,0
14999,0
15000,1
15001,0
15002,1
15003,0
15004,0
15005,1
15006,1
15007,1
15008,0
15009,1
15010,1
15011,0
15012,1
15013,0
15014,1
15015,0
15016,1
15017,1
15018,1
15019,0
15020,0
15021,1
15022,1
15023,1
15024,1
15025,1
15026,1
15027,1
15028,1
15029,0
15030,0
15031,1
15032,0
15033,1
15034,1
15035,1
15036,1
15037,0
15038,1
15039,1
15040,0
15041,1
15042,0
15043,0
15044,1
15045,0
15046,1
15047,1
15048,0
15049,0
15050,1
15051,1
15052,0
15053,1
15054,1
15055,0
15056,0
15057,1
15058,1
15059,0
15060,1
15061,1
15062,1
15063,1
15064,1
15065,1
15066,0
15067,1
15068,1
15069,1
15070,1
15071,1
15072,0
15073,1
15074,1
15075,1
15076,0
15077,0
15078,1
15079,1
15080,1
15081,1
15082,0
15083,0
15084,0
15085,0
15086,0
15087,0
15088,0
15089,1
15090,0
15091,1
15092,0
15093,0
15094,0
15095,1
15096,1
15097,1
15098,0
15099,1
15100,0
15101,0
15102,0
15103,1
15104,1
15105,1
15106,1
15107,0
15108,1
15109,0
15110,0
15111,1
15112,0
15113,1
15114,1
15115,1
15116,1
15117,1
15118,0
15119,1
15120,0
15121,1
15122,1
15123,1
15124,1
15125,1
15126,0
15127,1
15128,1
15129,1
15130,0
15131,0
15132,1
15133,1
15134,1
15135,0
15136,1
15137,0
15138,0
15139,0
15140,1
15141,0
15142,1
15143,0
15144,1
15145,1
15146,1
15147,0
15148,1
15149,1
15150,0
15151,0
15152,1
15153,1
15154,1
15155,0
15156,1
15157,1
15158,1
15159,1
15160,0
15161,0
15162,0
15163,1
15164,1
15165,0
15166,0
15167,0
15168,1
15169,1
15170,0
15171,0
15172,1
15173,0
15174,0
15175,1
15176,0
15177,1
15178,0
15179,1
15180,0
15181,1
15182,0
15183,0
15184,1
15185,0
15186,0
15187,1
15188,0
15189,1
15190,0
15191,0
15192,0
15193,1
15194,1
15195,0
15196,0
15197,1
15198,1
15199,0
15200,0
15201,0
15202,0
15203,1
15204,1
15205,1
15206,1
15207,0
15208,0
15209,0
15210,0
15211,1
15212,1
15213,0
15214,1
15215,1
15216,0
15217,0
15218,1
15219,1
15220,1
15221,0
15222,0
15223,0
15224,0
15225,0
15226,1
15227,1
15228,1
15229,0
15230,0
15231,0
15232,1
15233,0
15234,1
15235,1
15236,1
15237,1
15238,1
15239,1
15240,1
15241,0
15242,0
15243,0
15244,1
15245,0
15246,0
15247,0
15248,0
15249,1
15250,0
15251,1
15252,1
15253,1
15254,1
15255,1
15256,0
15257,0
15258,0
15259,0
15260,1
15261,1
15262,0
15263,1
15264,0
15265,1
15266,0
15267,1
15268,0
15269,0
15270,0
15271,1
15272,1
15273,0
15274,1
15275,1
15276,1
15277,1
15278,0
15279,0
15280,0
15281,1
15282,0
15283,0
15284,0
15285,1
15286,1
15287,1
15288,1
15289,0
15290,1
15291,1
15292,0
15293,0
15294,0
15295,0
15296,0
15297,1
15298,1
15299,0
15300,1
15301,1
15302,0
15303,0
15304,1
15305,0
15306,0
15307,1
15308,1
15309,0
15310,0
15311,1
15312,1
15313,0
15314,0
15315,1
15316,0
15317,0
15318,1
15319,0
15320,1
15321,1
15322,1
15323,0
15324,0
15325,1
15326,1
15327,0
15328,0
15329,1
15330,1
15331,0
15332,1
15333,0
15334,1
15335,1
15336,0
15337,0
15338,0
15339,1
15340,0
15341,1
15342,1
15343,1
15344,0
15345,1
15346,1
15347,0
15348,1
15349,0
15350,1
15351,1
15352,0
15353,0
15354,0
15355,1
15356,1
15358,1
15359,0
15360,1
15361,0
15362,0
15363,0
15364,1
15365,1
15366,1
15367,1
15368,1
15369,0
15370,0
15371,0
15372,1
15373,1
15374,0
15375,0
15376,1
15377,0
15378,0
15379,0
15380,1
15381,0
15382,1
15384,1
15385,1
15386,0
15387,0
15388,0
15389,0
15390,0
15391,0
15392,1
15393,0
15394,1
15395,0
15396,0
15397,0
15398,1
15399,1
15400,0
15401,0
15402,0
15403,0
15404,0
15405,1
15406,1
15407,1
15408,0
15409,0
15410,1
15411,0
15412,1
15413,0
15414,1
15415,0
15416,1
15417,1
15418,1
15419,0
15420,1
15421,0
15422,0
15423,0
15424,1
15425,0
15426,1
15427,1
15428,0
15429,1
15430,0
15431,0
15432,1
15433,0
15434,1
15435,0
15436,1
15437,0
15438,1
15439,1
15440,1
15441,0
15442,0
15443,1
15444,1
15445,0
15446,0
15447,0
15448,0
15449,1
15450,1
15451,0
15452,1
15453,1
15454,0
15455,0
15456,0
15457,0
15458,0
15459,0
15460,0
15461,0
15462,0
15463,1
15464,0
15465,1
15466,1
15467,1
15468,1
15469,1
15470,0
15471,0
15472,1
15473,1
15474,0
15475,1
15476,1
15477,0
15478,1
15479,0
15480,1
15481,1
15482,1
15483,1
15484,1
15485,1
15486,0
15487,0
15488,0
15489,1
15490,0
15491,0
15492,1
15493,0
15494,1
15495,0
15496,0
15497,0
15498,1
15499,0
15500,1
15501,0
15502,1
15503,0
15504,0
15505,1
15506,1
15507,1
15508,1
15509,0
15510,0
15511,1
15512,1
15513,1
15514,1
15515,0
15516,1
15517,1
15518,1
15519,0
15520,0
15521,1
15522,1
15523,0
15524,0
15525,1
15526,1
15527,1
15528,0
15529,1
15530,1
15531,1
15532,1
15533,1
15534,0
15535,0
15536,0
15537,0
15538,0
15539,1
15540,1
15541,0
15542,0
15543,1
15544,1
15545,1
15546,0
15547,1
15548,0
15549,1
15550,1
15551,1
15552,0
15553,1
15554,1
15555,1
15556,0
15557,1
15558,0
15559,0
15560,0
15561,1
15562,0
15563,1
15564,0
15565,0
15566,0
15567,1
15568,1
15569,1
15570,1
15571,1
15572,1
15573,1
15574,1
15575,0
15576,1
15577,1
15578,1
15579,1
15580,0
15581,0
15582,1
15583,0
15584,1
15585,1
15586,0
15587,1
15588,0
15589,1
15590,0
15591,0
15592,0
15593,1
15594,1
15595,0
15596,0
15597,1
15598,1
15599,1
15600,0
15601,1
15602,1
15603,0
15604,1
15605,0
15606,1
15607,0
15608,1
15609,1
15610,0
15611,1
15612,1
15613,0
15614,1
15615,1
15616,0
15617,0
15618,1
15619,1
15620,1
15621,1
15622,1
15623,0
15624,1
15625,1
15626,1
15627,0
15628,1
15629,0
15630,1
15631,0
15632,1
15633,0
15634,1
15635,0
15636,1
15637,1
15638,0
15639,1
15640,1
15641,1
15642,0
15643,1
15644,1
15645,1
15646,1
15647,0
15648,0
15649,0
15650,0
15651,1
15652,1
15653,1
15654,1
15655,0
15656,1
15657,1
15658,1
15659,1
15660,1
15661,0
15662,0
15663,1
15664,0
15665,0
15666,0
15667,1
15668,0
15669,1
15670,0
15671,1
15672,0
15673,1
15674,1
15675,1
15676,1
15677,1
15678,1
15679,1
15680,1
15681,1
15682,0
15683,1
15684,0
15685,1
15686,0
15687,1
15688,0
15689,0
15690,0
15691,0
15692,0
15693,0
15694,1
15695,1
15696,0
15697,0
15698,0
15699,0
15700,1
15701,1
15702,0
15703,0
15704,1
15705,0
15706,0
15707,1
15708,1
15709,0
15710,0
15711,0
15712,1
15713,1
15714,1
15715,0
15716,0
15717,0
15718,0
15719,1
15720,1
15721,1
15722,0
15723,0
15724,0
15725,1
15726,0
15727,1
15728,0
15729,0
15730,1
15731,0
15732,0
15733,0
15734,1
15735,0
15736,0
15737,1
15738,0
15739,1
15740,1
15741,0
15742,0
15743,0
15744,1
15745,1
15746,0
15747,1
15748,1
15749,0
15750,1
15751,0
15752,1
15753,0
15754,1
15755,1
15756,1
15757,1
15758,1
15759,0
15760,0
15761,0
15762,1
15763,1
15764,1
15765,0
15766,1
15768,1
15769,1
15770,0
15771,0
15772,0
15773,1
15774,1
15775,0
15776,1
15777,0
15778,0
15779,0
15780,0
15781,1
15782,1
15783,1
15784,0
15785,1
15786,1
15787,1
15788,0
15789,0
15790,1
15791,1
15792,0
15793,1
15794,0
15795,1
15796,1
15797,1
15798,0
15799,1
15800,1
15801,1
15802,0
15803,1
15804,1
15805,1
15806,1
15807,1
15808,0
15809,1
15810,1
15811,1
15812,0
15813,1
15814,1
15815,1
15816,0
15817,0
15818,0
15819,1
15820,0
15821,1
15822,1
15823,0
15824,1
15825,1
15826,1
15827,1
15828,0
15829,1
15830,1
15831,1
15832,0
15833,0
15834,1
15835,1
15836,0
15837,1
15838,1
15839,1
15840,1
15841,0
15842,0
15843,1
15844,1
15845,1
15846,1
15847,1
15848,0
15850,1
15851,0
15852,1
15853,1
15854,1
15855,1
15856,0
15857,1
15858,1
15859,0
15860,1
15861,1
15862,1
15863,1
15864,1
15865,1
15866,1
15867,1
15868,0
15869,0
15870,1
15871,0
15872,1
15873,0
15874,1
15875,0
15876,0
15877,1
15878,0
15879,0
15880,0
15881,0
15882,1
15883,1
15884,0
15885,1
15886,0
15887,0
15888,1
15889,1
15890,0
15891,1
15892,0
15893,0
15894,1
15895,1
15897,0
15898,1
15899,0
15900,1
15901,1
15902,0
15903,1
15904,1
15905,0
15906,1
15907,1
15908,0
15909,1
15910,1
15911,0
15912,0
15913,0
15914,0
15915,0
15916,1
15917,1
15918,1
15919,1
15920,0
15921,1
15922,1
15923,0
15924,0
15925,1
15926,0
15927,0
15928,0
15929,0
15930,1
15931,0
15932,1
15933,1
15934,0
15935,0
15936,0
15937,0
15938,1
15939,0
15940,0
15941,0
15942,0
15943,0
15944,0
15945,0
15946,0
15947,1
15948,1
15949,1
15950,1
15951,1
15952,1
15953,1
15954,0
15955,1
15956,0
15957,1
15958,1
15959,0
15960,0
15961,0
15962,0
15963,1
15964,0
15965,1
15966,0
15967,1
15968,0
15969,1
15970,0
15971,0
15972,0
15973,0
15974,1
15975,1
15976,0
15977,1
15978,1
15979,0
15980,1
15981,1
15982,0
15983,1
15984,1
15985,1
15986,1
15987,1
15988,1
15989,0
15990,1
15991,0
15992,0
15993,1
15994,1
15995,0
15996,1
15998,1
15999,0
16000,1
16001,0
16002,0
16003,1
16004,0
16005,1
16006,1
16007,1
16008,1
16009,1
16010,0
16011,1
16012,1
16013,1
16014,1
16015,1
16016,1
16017,1
16018,1
16019,1
16020,1
16021,1
16022,1
16023,1
16024,1
16025,1
16026,0
16027,0
16028,0
16029,0
16030,0
16031,1
16032,0
16033,1
16034,0
16035,0
16036,1
16037,0
16038,1
16039,1
16040,1
16041,1
16042,1
16043,1
16044,0
16045,0
16046,0
16047,0
16048,1
16049,1
16050,1
16051,0
16052,1
16053,1
16054,1
16055,0
16056,1
16057,0
16058,0
16059,1
16060,0
16061,0
16062,1
16063,1
16064,0
16065,0
16066,1
16067,0
16068,0
16069,0
16070,1
16071,1
16072,1
16073,0
16074,0
16075,0
16076,1
16077,0
16078,0
16079,1
16080,1
16081,1
16082,0
16083,1
16084,0
16085,1
16086,0
16087,1
16088,0
16089,0
16090,0
16091,1
16092,1
16093,0
16094,0
16095,0
16096,0
16097,0
16098,1
16099,1
16100,0
16101,1
16102,1
16103,1
16104,1
16105,0
16106,1
16107,1
16108,1
16109,1
16110,1
16111,0
16112,1
16113,1
16114,1
16115,1
16116,0
16117,0
16118,0
16119,1
16120,1
16121,1
16122,1
16123,1
16124,0
16125,0
16126,0
16127,1
16128,1
16129,1
16130,0
16131,1
16132,0
16133,1
16134,1
16135,0
16136,1
16137,0
16138,1
16139,1
16140,1
16141,1
16142,0
16143,1
16144,0
16145,1
16146,0
16147,1
16148,0
16149,1
16150,1
16152,0
16153,0
16155,0
16156,1
16157,1
16158,0
16159,0
16160,1
16161,1
16162,0
16163,0
16164,1
16165,0
16166,0
16167,1
16168,0
16169,1
16170,1
16171,1
16172,1
16173,1
16174,1
16175,1
16176,0
16177,1
16178,1
16179,1
16180,1
16181,1
16182,1
16183,1
16184,0
16185,1
16186,1
16187,1
16188,1
16189,1
16190,0
16191,1
16192,0
16193,0
16194,1
16195,0
16196,0
16197,0
16198,1
16199,0
16200,1
16201,1
16202,1
16203,1
16204,1
16205,1
16206,1
16207,1
16208,1
16209,1
16210,1
16211,1
16212,1
16213,0
16214,1
16215,1
16216,0
16217,0
16218,1
16219,0
16221,1
16222,0
16223,1
16224,1
16225,1
16226,0
16227,0
16228,0
16229,1
16230,0
16231,1
16232,0
16233,1
16234,0
16235,0
16236,1
16237,0
16238,0
16239,1
16240,1
16241,1
16242,1
16243,1
16244,1
16245,1
16246,0
16247,0
16248,1
16249,1
16250,0
16251,0
16252,0
16253,1
16254,0
16255,1
16256,0
16257,0
16258,1
16259,0
16260,1
16261,1
16262,1
16263,0
16264,0
16265,1
16266,1
16267,0
16268,1
16269,0
16270,0
16271,1
16272,1
16273,0
16274,1
16275,0
16276,1
16277,0
16278,1
16279,1
16280,0
16281,0
16282,1
16283,1
16284,1
16285,0
16286,0
16287,0
16288,0
16289,0
16290,0
16291,0
16292,1
16293,1
16294,0
16295,0
16296,0
16297,1
16298,1
16299,0
16300,0
16301,0
16302,1
16303,1
16304,0
16305,1
16306,0
16307,0
16308,0
16309,1
16310,1
16311,1
16312,0
16313,1
16314,0
16315,0
16316,1
16317,1
16318,1
16319,0
16320,1
16321,0
16322,1
16323,0
16324,1
16325,1
16326,1
16327,1
16328,0
16329,0
16330,1
16331,0
16332,1
16333,1
16334,0
16335,0
16336,1
16337,1
16338,1
16339,0
16340,1
16341,1
16342,1
16343,1
16344,0
16345,1
16346,0
16347,1
16348,1
16349,0
16350,1
16351,0
16352,0
16353,1
16354,1
16355,0
16356,0
16357,1
16358,1
16359,1
16360,1
16361,1
16362,1
16363,1
16364,1
16365,1
16366,1
16367,1
16368,1
16369,1
16370,1
16371,0
16372,1
16373,1
16374,1
16375,0
16376,1
16377,0
16378,0
16379,1
16380,1
16381,0
16382,0
16383,1
16384,1
16385,1
16386,1
16387,0
16388,0
16389,1
16390,0
16391,0
16392,0
16393,1
16394,1
16395,1
16396,0
16397,0
16398,0
16399,1
16400,1
16401,1
16402,1
16403,0
16404,1
16405,1
16406,1
16407,1
16408,0
16409,1
16410,0
16411,1
16412,1
16413,0
16414,0
16415,1
16416,1
16417,0
16418,1
16419,1
16420,1
16421,0
16422,0
16423,1
16424,0
16425,0
16426,1
16427,0
16428,0
16429,0
16430,1
16431,1
16432,0
16433,1
16434,1
16435,0
16436,0
16437,0
16438,0
16439,0
16440,1
16441,1
16442,1
16443,0
16444,1
16445,1
16446,0
16447,0
16448,0
16449,1
16450,0
16451,1
16452,0
16453,0
16454,0
16455,1
16456,0
16457,0
16458,1
16459,0
16460,1
16461,0
16462,0
16463,1
16464,1
16465,0
16466,1
16467,0
16468,1
16469,1
16470,1
16471,0
16472,0
16473,1
16474,1
16475,0
16476,0
16477,1
16478,1
16479,1
16480,1
16481,0
16482,1
16483,0
16484,1
16485,1
16486,0
16487,0
16488,1
16489,0
16490,0
16491,1
16492,0
16493,1
16494,0
16495,1
16496,1
16497,1
16498,1
16499,0
16500,1
16501,0
16502,0
16503,1
16504,1
16505,1
16506,1
16507,0
16508,0
16509,1
16510,0
16511,1
16513,1
16515,1
16516,0
16517,0
16518,1
16519,0
16520,0
16521,0
16522,0
16523,0
16524,0
16525,1
16526,0
16527,1
16528,1
16529,0
16530,0
16531,1
16532,0
16533,1
16534,0
16535,1
16536,1
16537,0
16538,0
16539,1
16540,0
16541,0
16542,1
16543,0
16544,0
16545,0
16546,0
16547,0
16548,0
16549,1
16550,1
16551,1
16552,0
16553,1
16554,1
16555,1
16556,1
16557,1
16558,1
16559,0
16560,1
16561,1
16562,0
16563,1
16564,0
16565,0
16566,0
16567,0
16568,0
16569,1
16570,1
16571,1
16572,0
16573,1
16574,1
16576,0
16577,0
16578,0
16579,0
16581,0
16582,1
16583,0
16584,1
16585,0
16586,0
16587,0
16588,1
16589,1
16590,1
16591,1
16592,1
16593,1
16594,1
16595,1
16596,1
16597,1
16598,0
16599,0
16600,1
16601,0
16602,1
16603,1
16604,0
16605,0
16606,0
16607,0
16608,0
16609,1
16610,0
16611,1
16612,1
16613,1
16614,0
16615,0
16616,1
16617,0
16618,1
16619,0
16620,1
16621,1
16622,0
16623,0
16624,1
16625,0
16626,1
16627,1
16628,1
16629,1
16630,0
16631,0
16632,0
16633,1
16634,0
16635,1
16636,0
16637,1
16638,1
16639,1
16640,1
16641,0
16642,1
16643,0
16644,1
16645,0
16646,0
16647,1
16648,1
16649,0
16650,1
16651,0
16652,0
16653,0
16654,0
16655,1
16656,1
16657,1
16658,0
16659,0
16660,1
16661,0
16662,0
16663,0
16664,0
16665,0
16666,1
16667,1
16668,1
16669,1
16670,1
16671,0
16672,1
16673,0
16674,1
16675,0
16676,1
16677,1
16678,1
16679,0
16680,1
16681,1
16682,0
16683,0
16684,1
16685,0
16686,1
16687,1
16688,1
16689,1
16690,0
16691,0
16692,0
16693,1
16694,0
16695,0
16696,1
16697,1
16698,0
16699,1
16700,1
16701,1
16702,0
16704,0
16705,1
16706,1
16707,0
16708,1
16709,1
16710,1
16711,1
16712,1
16713,1
16714,0
16715,1
16716,0
16717,1
16718,1
16719,1
16720,1
16721,0
16722,1
16723,1
16724,1
16725,0
16726,1
16727,1
16728,1
16729,1
16730,1
16731,0
16732,1
16733,0
16734,1
16735,1
16736,0
16737,0
16738,0
16739,0
16740,0
16741,0
16742,0
16743,1
16744,1
16745,1
16746,1
16747,1
16748,1
16749,0
16750,1
16751,1
16752,1
16753,1
16754,0
16755,1
16756,0
16757,0
16758,1
16759,1
16760,0
16761,0
16762,1
16763,0
16764,1
16765,0
16766,1
16767,1
16768,1
16769,0
16770,1
16771,0
16772,0
16773,1
16774,1
16775,1
16776,1
16777,1
16778,1
16779,1
16780,1
16781,0
16782,1
16783,0
16784,0
16785,0
16786,1
16787,0
16788,1
16789,0
16790,0
16791,1
16792,0
16793,1
16794,1
16795,1
16796,1
16797,1
16798,0
16799,0
16800,1
16801,0
16802,0
16803,1
16804,1
16805,0
16806,1
16807,1
16808,1
16809,1
16810,0
16811,1
16812,1
16813,0
16814,1
16815,0
16816,1
16817,1
16818,1
16819,0
16820,1
16821,0
16822,0
16823,0
16824,1
16825,1
16826,1
16827,0
16828,0
16829,0
16830,1
16831,0
16832,1
16833,1
16834,1
16835,1
16836,1
16837,1
16838,1
16839,1
16840,0
16841,1
16842,1
16843,1
16844,0
16845,0
16846,1
16847,1
16848,1
16849,0
16850,1
16851,1
16852,0
16854,0
16855,1
16856,1
16857,0
16858,0
16859,1
16860,0
16861,0
16862,0
16863,1
16864,1
16865,0
16866,0
16867,0
16868,1
16869,1
16870,0
16871,1
16872,1
16873,1
16874,1
16875,1
16876,0
16877,1
16878,0
16880,1
16881,0
16882,1
16883,1
16884,1
16885,1
16886,0
16887,1
16888,0
16889,0
16890,0
16891,1
16892,1
16893,0
16894,0
16895,1
16896,0
16897,0
16898,1
16899,1
16900,1
16901,0
16902,1
16903,1
16904,1
16905,1
16906,1
16907,1
16908,1
16909,1
16910,1
16911,0
16912,1
16913,0
16914,1
16915,1
16916,1
16917,1
16918,1
16919,0
16920,0
16921,0
16922,0
16923,1
16924,1
16925,0
16926,0
16927,0
16928,1
16929,1
16930,1
16931,1
16932,1
16933,1
16934,1
16935,1
16936,1
16937,0
16938,1
16939,0
16940,1
16941,0
16942,1
16943,1
16944,0
16945,1
16946,0
16947,0
16948,0
16949,1
16950,0
16951,1
16952,0
16953,0
16954,0
16955,1
16956,1
16957,0
16958,0
16959,0
16960,1
16961,1
16962,0
16963,0
16964,0
16965,0
16966,0
16967,0
16968,0
16969,1
16970,0
16971,1
16972,0
16973,0
16974,0
16975,0
16976,0
16977,0
16978,0
16979,1
16980,0
16982,1
16983,1
16984,1
16985,1
16986,0
16987,1
16988,1
16989,1
16990,0
16991,0
16992,1
16993,0
16996,0
16997,0
16998,0
16999,1
17000,0
17001,1
17002,1
17003,0
17004,1
17005,0
17006,1
17007,1
17008,0
17009,0
17010,1
17011,1
17012,0
17014,1
17015,1
17016,0
17017,1
17018,1
17019,1
17020,0
17021,1
17022,1
17023,0
17024,0
17025,0
17026,0
17027,1
17028,0
17029,0
17030,1
17031,1
17032,0
17033,1
17034,1
17035,0
17036,0
17037,1
17038,0
17039,0
17040,1
17041,1
17042,1
17043,1
17044,0
17045,1
17046,1
17047,1
17048,0
17049,1
17050,1
17051,0
17052,1
17053,0
17054,0
17055,0
17056,0
17057,0
17058,0
17059,1
17060,0
17061,1
17062,0
17063,1
17064,1
17065,0
17066,0
17067,0
17068,1
17069,1
17070,1
17071,1
17072,0
17073,1
17074,0
17075,1
17076,1
17077,0
17078,1
17079,0
17080,1
17081,1
17082,1
17083,0
17084,1
17085,1
17086,1
17087,0
17088,1
17089,1
17090,1
17091,1
17092,1
17093,0
17094,0
17095,1
17096,1
17097,1
17098,0
17099,0
17100,1
17101,1
17102,0
17103,0
17104,0
17105,1
17106,0
17107,1
17108,0
17109,1
17110,0
17111,1
17112,0
17113,0
17114,1
17115,1
17116,0
17117,0
17118,0
17119,1
17120,1
17121,0
17122,1
17123,0
17124,1
17125,1
17126,1
17127,0
17128,0
17129,0
17131,0
17132,0
17133,0
17134,0
17135,1
17136,0
17137,0
17138,0
17139,1
17140,0
17141,1
17142,1
17143,0
17144,1
17145,0
17146,1
17147,1
17148,0
17149,0
17150,0
17151,0
17152,0
17153,1
17154,1
17155,1
17156,0
17157,1
17158,1
17159,1
17160,1
17161,0
17162,0
17163,0
17164,0
17165,0
17166,1
17167,0
17168,0
17169,1
17170,0
17171,0
17172,1
17173,0
17174,0
17175,0
17176,1
17177,0
17178,0
17179,1
17180,1
17181,1
17182,0
17183,1
17184,0
17185,0
17186,0
17187,0
17188,1
17189,1
17190,1
17191,1
17192,0
17193,1
17194,0
17195,0
17196,0
17197,1
17198,1
17199,0
17200,0
17201,1
17202,1
17203,1
17204,0
17205,0
17206,1
17207,0
17208,0
17209,0
17210,0
17211,1
17212,0
17213,1
17214,1
17215,0
17216,0
17217,0
17218,1
17219,1
17220,1
17221,1
17222,1
17223,0
17224,0
17225,0
17226,0
17227,1
17228,1
17229,1
17230,0
17231,1
17232,1
17233,1
17234,1
17235,1
17236,1
17237,1
17238,1
17239,0
17240,0
17241,0
17242,1
17243,1
17244,1
17245,1
17246,0
17247,1
17248,1
17249,0
17250,1
17251,1
17252,0
17253,1
17254,1
17255,1
17256,0
17257,0
17258,0
17259,0
17260,0
17261,0
17262,0
17263,0
17264,0
17265,0
17266,1
17267,1
17268,0
17269,0
17270,0
17271,0
17272,1
17273,1
17274,1
17275,0
17276,0
17277,1
17278,0
17279,1
17280,0
17281,0
17282,0
17283,1
17284,1
17285,0
17286,1
17287,1
17288,1
17289,1
17290,1
17291,0
17292,0
17293,1
17294,0
17295,1
17296,0
17297,1
17298,1
17299,1
17300,0
17301,1
17302,1
17303,0
17304,0
17305,0
17306,1
17307,0
17308,1
17309,1
17310,1
17311,1
17312,1
17313,1
17314,1
17315,1
17316,0
17317,1
17318,0
17319,0
17320,1
17321,1
17322,1
17323,1
17324,1
17325,0
17326,1
17327,0
17328,0
17329,1
17330,1
17331,0
17332,0
17333,1
17334,0
17335,0
17336,0
17337,0
17338,1
17339,1
17340,1
17341,1
17342,0
17343,0
17344,1
17345,1
17346,1
17347,0
17348,1
17349,1
17350,1
17351,1
17352,0
17353,0
17354,1
17355,0
17356,0
17357,1
17358,0
17359,0
17360,1
17361,0
17362,0
17363,1
17364,1
17365,0
17366,0
17367,0
17368,1
17369,0
17370,1
17371,1
17372,1
17373,1
17374,0
17375,0
17376,0
17377,1
17378,0
17379,1
17380,0
17381,1
17382,0
17383,1
17384,1
17385,1
17386,1
17387,1
17388,1
17389,1
17390,0
17391,0
17392,0
17393,1
17394,0
17395,0
17396,1
17397,1
17398,1
17400,1
17401,0
17402,1
17403,1
17404,1
17405,0
17406,0
17407,0
17408,0
17409,1
17410,1
17411,1
17412,1
17413,0
17414,0
17415,1
17416,1
17417,0
17418,1
17419,1
17420,1
17421,1
17422,1
17423,1
17425,1
17426,1
17427,1
17428,1
17429,1
17430,1
17431,0
17432,1
17433,1
17434,1
17435,1
17436,1
17437,0
17438,0
17439,0
17440,0
17441,0
17442,1
17443,0
17444,1
17446,0
17447,1
17448,0
17449,1
17450,0
17451,1
17453,1
17454,1
17455,0
17456,0
17457,1
17458,1
17459,1
17460,0
17461,1
17462,1
17463,1
17464,0
17465,0
17466,1
17467,0
17468,0
17469,1
17470,0
17471,0
17472,1
17473,0
17474,0
17475,1
17476,0
17477,0
17478,0
17479,0
17480,1
17481,1
17482,0
17483,1
17484,0
17486,1
17487,0
17488,0
17489,1
17490,1
17491,1
17492,0
17493,0
17494,0
17495,1
17496,1
17497,0
17498,1
17499,0
17500,0
17501,0
17502,0
17503,1
17504,1
17505,1
17506,1
17507,0
17508,0
17509,1
17510,1
17511,1
17512,1
17513,1
17514,1
17515,0
17516,1
17517,0
17518,0
17519,1
17520,1
17521,1
17522,1
17523,1
17524,0
17525,0
17526,1
17527,1
17528,1
17529,0
17530,1
17531,0
17532,0
17533,0
17534,1
17535,0
17536,0
17537,1
17538,1
17539,0
17540,1
17541,0
17542,0
17543,0
17544,0
17545,1
17547,0
17548,0
17549,1
17550,1
17551,0
17552,0
17553,0
17554,1
17555,1
17556,1
17557,1
17558,0
17559,0
17560,0
17561,1
17562,1
17563,0
17564,1
17565,0
17566,1
17567,1
17568,0
17569,0
17570,0
17571,1
17572,0
17573,1
17574,0
17575,0
17576,1
17577,0
17578,0
17579,1
17580,0
17581,1
17582,0
17583,0
17584,1
17585,1
17586,0
17587,0
17588,0
17589,0
17590,1
17591,0
17592,0
17593,1
17594,1
17595,1
17596,1
17597,0
17598,1
17599,0
17600,1
17601,0
17602,1
17603,1
17604,1
17605,0
17606,0
17607,0
17608,1
17609,1
17610,0
17611,1
17612,1
17613,1
17614,1
17615,1
17616,0
17617,0
17618,1
17619,0
17620,1
17621,1
17622,0
17623,1
17624,1
17625,1
17626,0
17627,0
17628,0
17629,1
17630,1
17631,1
17633,1
17634,1
17635,0
17636,1
17637,0
17638,0
17639,0
17640,0
17642,1
17643,0
17644,1
17646,0
17647,1
17648,1
17649,1
17650,0
17651,1
17652,1
17653,1
17654,0
17655,1
17656,1
17657,0
17658,1
17659,1
17660,1
17662,0
17663,1
17664,1
17665,0
17666,1
17667,1
17668,0
17669,1
17670,0
17671,1
17672,1
17673,1
17674,0
17675,1
17676,1
17677,1
17678,1
17679,1
17680,1
17681,0
17682,1
17683,0
17684,1
17685,1
17686,1
17687,1
17688,0
17689,0
17690,1
17691,0
17692,1
17693,1
17694,1
17695,1
17696,1
17697,0
17698,1
17699,0
17700,1
17701,1
17702,1
17703,1
17704,1
17705,1
17706,1
17707,0
17708,0
17709,0
17710,1
17711,1
17712,1
17713,0
17714,0
17715,0
17716,1
17717,0
17718,0
17719,1
17720,1
17721,0
17722,0
17723,0
17724,0
17725,1
17726,1
17727,1
17728,1
17729,0
17730,1
17731,1
17732,0
17733,1
17734,1
17735,1
17736,1
17737,1
17738,1
17739,1
17740,0
17741,0
17742,0
17743,0
17744,1
17745,0
17746,0
17747,0
17748,0
17749,0
17750,1
17751,0
17752,0
17753,0
17754,1
17756,1
17757,1
17758,1
17759,1
17760,1
17761,1
17762,0
17763,0
17764,1
17765,1
17766,0
17767,1
17768,1
17769,1
17770,0
17771,1
17772,1
17773,0
17774,1
17775,0
17776,0
17777,1
17778,0
17779,1
17780,0
17781,0
17782,0
17783,0
17784,0
17785,1
17786,0
17787,1
17788,0
17789,0
17790,1
17791,1
17792,0
17793,0
17794,0
17795,1
17796,1
17797,1
17798,0
17799,1
17800,0
17801,0
17802,1
17803,0
17804,0
17805,1
17806,1
17807,1
17808,0
17809,1
17810,0
17811,1
17812,1
17813,1
17814,1
17815,0
17816,1
17817,1
17818,0
17819,1
17820,0
17821,0
17822,0
17823,0
17824,1
17825,0
17826,0
17827,1
17828,1
17829,0
17830,0
17831,1
17832,0
17833,0
17834,0
17835,1
17836,1
17837,0
17838,0
17839,1
17840,0
17841,1
17842,0
17843,0
17844,1
17845,0
17846,0
17847,0
17848,1
17849,0
17850,1
17851,0
17852,1
17853,0
17854,1
17855,1
17856,1
17857,1
17858,0
17859,0
17860,1
17861,1
17862,1
17863,1
17864,1
17865,1
17866,0
17867,1
17868,0
17869,0
17870,1
17871,1
17872,1
17873,0
17874,0
17875,0
17876,0
17877,0
17878,1
17879,0
17880,0
17881,0
17882,0
17883,0
17884,1
17885,1
17886,1
17887,0
17888,1
17889,0
17890,0
17891,0
17892,1
17893,1
17894,1
17895,1
17896,0
17897,1
17898,1
17899,1
17900,0
17901,1
17902,0
17903,0
17904,1
17905,0
17906,0
17907,0
17908,0
17909,0
17910,0
17911,1
17912,0
17913,1
17914,1
17915,0
17916,0
17917,1
17918,0
17919,1
17920,1
17921,1
17922,0
17923,0
17924,1
17925,0
17926,0
17927,0
17928,1
17929,0
17930,1
17931,0
17932,1
17933,0
17934,1
17935,1
17936,1
17937,0
17938,0
17939,1
17940,1
17941,0
17942,1
17944,0
17945,0
17946,0
17947,1
17948,1
17949,1
17950,1
17951,1
17952,0
17953,0
17954,1
17955,0
17956,0
17957,1
17958,1
17959,0
17960,1
17961,1
17962,1
17963,0
17964,1
17965,1
17966,0
17967,0
17968,0
17969,0
17970,0
17971,0
17972,0
17973,1
17974,1
17975,1
17976,0
17977,1
17978,0
17979,1
17980,1
17981,1
17982,0
17983,0
17984,1
17985,1
17986,0
17987,0
17988,1
17989,0
17990,0
17991,0
17992,0
17993,0
17994,1
17995,0
17996,0
17997,0
17998,0
17999,1
18000,0
18001,1
18002,0
18003,1
18004,0
18005,1
18006,1
18007,0
18008,1
18009,0
18010,0
18011,0
18012,0
18013,0
18014,1
18015,1
18016,1
18017,0
18018,1
18019,0
18020,0
18021,0
18022,1
18024,1
18025,0
18026,0
18027,1
18028,0
18029,0
18030,1
18031,0
18032,0
18033,1
18034,1
18035,1
18036,1
18037,0
18038,0
18039,0
18040,1
18041,1
18042,0
18043,1
18044,1
18045,1
18046,0
18047,1
18048,0
18049,0
18050,0
18051,0
18052,0
18053,1
18054,0
18055,1
18056,0
18057,0
18058,0
18059,1
18060,0
18061,0
18062,1
18063,1
18064,1
18065,1
18066,1
18067,1
18068,0
18069,1
18070,0
18071,0
18072,1
18073,0
18074,0
18075,1
18076,0
18077,1
18078,1
18079,1
18080,0
18081,1
18082,1
18083,1
18084,1
18085,1
18086,1
18087,0
18088,1
18089,0
18090,0
18091,0
18092,1
18093,1
18094,1
18095,0
18096,1
18097,0
18098,1
18099,1
18100,0
18101,1
18102,1
18103,0
18104,1
18105,1
18106,0
18107,0
18108,0
18109,0
18110,1
18111,0
18112,1
18113,0
18114,1
18115,0
18116,1
18117,1
18118,1
18119,0
18120,0
18121,1
18122,1
18123,1
18124,0
18125,1
18126,1
18127,1
18128,0
18129,0
18130,1
18131,0
18132,0
18133,1
18134,0
18135,1
18136,1
18137,0
18138,0
18139,1
18140,0
18141,0
18142,1
18143,1
18144,1
18145,1
18146,1
18147,0
18148,0
18149,0
18150,0
18151,1
18152,0
18153,0
18154,1
18155,1
18156,1
18157,0
18158,1
18159,0
18160,1
18161,1
18162,0
18163,0
18164,1
18165,0
18166,0
18167,0
18168,0
18169,1
18170,1
18171,1
18172,1
18173,1
18174,0
18175,0
18176,0
18177,1
18178,1
18179,1
18180,1
18181,1
18182,0
18183,0
18184,0
18185,0
18186,0
18187,0
18188,1
18189,1
18190,0
18191,1
18192,1
18193,0
18194,1
18195,0
18196,1
18197,0
18198,1
18199,0
18200,1
18201,0
18202,1
18203,0
18204,1
18205,1
18206,0
18207,0
18208,0
18209,1
18210,1
18211,1
18212,0
18213,0
18214,0
18215,0
18216,1
18217,1
18218,0
18219,1
18220,0
18221,0
18222,1
18223,1
18224,0
18225,1
18226,1
18227,0
18228,1
18229,1
18230,0
18231,1
18232,1
18233,0
18234,0
18235,1
18236,1
18237,1
18238,0
18239,1
18240,0
18241,1
18242,1
18243,0
18244,0
18245,1
18246,0
18247,0
18248,1
18249,1
18250,0
18251,1
18252,0
18253,0
18254,0
18255,0
18256,1
18257,1
18258,0
18259,1
18260,1
18261,1
18262,1
18263,1
18264,0
18265,0
18266,0
18267,0
18268,0
18269,0
18270,1
18271,0
18272,1
18273,0
18274,0
18275,0
18276,1
18277,1
18278,1
18279,0
18280,0
18281,1
18282,1
18283,1
18284,0
18285,0
18286,0
18287,1
